"listed_in_type","listed_in_city","online_order","book_table",".cluster","count_ofrestaurants","rate","votes","approx_cost_for_two_people","num_of_dish_liked","num_of_cuisines"
"Dine-out","Old Airport Road","No","Yes",3,1,4.9,246,1000,7,3
"Desserts","Frazer Town","Yes","No",7,1,4.8,392,400,7,1
"Buffet","Jayanagar","No","Yes",4,1,4.6,538,1100,7,5
"Delivery","Sarjapur Road","No","Yes",7,1,4.6,142,1500,7,4
"Desserts","Whitefield","No","No",7,1,4.6,1822,400,7,1
"Desserts","Indiranagar","No","No",7,3,4.53333333333333,1184,350,7,2
"Buffet","Electronic City","Yes","Yes",4,1,4.5,860,600,7,3
"Desserts","Koramangala 7th Block","No","No",7,1,4.5,1547,400,7,2
"Desserts","New BEL Road","No","No",7,1,4.5,703,400,7,2
"Dine-out","Jayanagar","No","Yes",7,1,4.5,800,1500,7,1
"Dine-out","Marathahalli","No","Yes",2,1,4.5,443,900,7,2
"Buffet","Kalyan Nagar","No","Yes",4,3,4.4,1244.33333333333,1466.66666666667,7,3.66666666666667
"Cafes","BTM","No","Yes",4,3,4.4,824.333333333333,833.333333333333,7,5
"Cafes","Lavelle Road","Yes","Yes",4,1,4.4,721,1700,7,3
"Delivery","Church Street","No","Yes",7,1,4.4,2266,1100,7,3
"Desserts","Koramangala 4th Block","No","No",7,1,4.4,491,500,7,2
"Dine-out","Brookefield","No","Yes",7,1,4.4,1700,1200,7,4
"Dine-out","JP Nagar","No","Yes",7,1,4.4,2075,1200,7,5
"Dine-out","Koramangala 6th Block","Yes","No",7,1,4.4,950,900,7,3
"Dine-out","Old Airport Road","Yes","Yes",3,1,4.4,266,1700,7,6
"Cafes","Basavanagudi","Yes","Yes",4,3,4.36666666666667,1636,733.333333333333,7,3.33333333333333
"Desserts","Kalyan Nagar","No","No",7,3,4.36666666666667,338,433.333333333333,6.33333333333333,2
"Dine-out","Malleshwaram","No","Yes",7,3,4.36666666666667,930,1383.33333333333,7,3.66666666666667
"Buffet","Electronic City","No","Yes",4,4,4.35,723.5,1425,7,5.25
"Delivery","Koramangala 5th Block","Yes","No",7,2,4.35,219.5,550,5.5,2
"Desserts","Koramangala 4th Block","Yes","No",7,2,4.35,514,400,7,3
"Dine-out","Brigade Road","Yes","No",7,2,4.35,2133.5,675,7,4
"Dine-out","Brookefield","No","No",7,2,4.35,768,1575,7,2.5
"Dine-out","Marathahalli","No","Yes",7,4,4.35,755.75,1225,7,2.75
"Dine-out","HSR","No","Yes",6,5,4.34,723,1110,7,3.8
"Desserts","Basavanagudi","No","No",7,5,4.32,451.4,270,6.6,1.8
"Dine-out","Whitefield","No","Yes",7,5,4.32,1439,1520,7,2.6
"Delivery","Lavelle Road","Yes","Yes",7,2,4.3,448.5,1200,7,3.5
"Buffet","BTM","Yes","Yes",4,7,4.3,907.857142857143,1200,7,3.28571428571429
"Cafes","Malleshwaram","No","Yes",4,1,4.3,476,1000,7,3
"Delivery","Jayanagar","No","Yes",7,1,4.3,1079,800,7,4
"Delivery","Kammanahalli","Yes","Yes",1,1,4.3,53,600,1,4
"Delivery","Koramangala 6th Block","Yes","No",7,1,4.3,1105,700,7,4
"Delivery","Sarjapur Road","Yes","Yes",7,1,4.3,1499,1300,7,6
"Desserts","Bellandur","No","No",7,1,4.3,384,150,7,2
"Dine-out","Basavanagudi","No","Yes",7,2,4.3,1157.5,1000,7,3.5
"Dine-out","Frazer Town","No","Yes",2,1,4.3,267,700,7,2
"Dine-out","HSR","Yes","Yes",6,1,4.3,797,1500,7,3
"Dine-out","Koramangala 4th Block","No","Yes",7,1,4.3,1550,1200,7,2
"Dine-out","Malleshwaram","Yes","Yes",7,1,4.3,1033,850,7,3
"Dine-out","New BEL Road","No","No",7,1,4.3,969,1400,7,3
"Dine-out","Whitefield","Yes","Yes",7,1,4.3,654,1500,7,4
"Desserts","Malleshwaram","No","No",7,5,4.28,360,520,5.4,2
"Dine-out","Bannerghatta Road","No","Yes",7,3,4.26666666666667,1090,1366.66666666667,7,3
"Dine-out","Brigade Road","No","No",7,6,4.26666666666667,1020.33333333333,1333.33333333333,7,2.83333333333333
"Dine-out","Indiranagar","No","No",7,5,4.26,1498.4,980,7,2.4
"Dine-out","BTM","No","Yes",7,12,4.25833333333333,1121.83333333333,1191.66666666667,7,3.83333333333333
"Dine-out","Brigade Road","No","Yes",7,16,4.25625,859.875,1375,7,3.3125
"Cafes","Brigade Road","Yes","Yes",4,4,4.25,634.25,1062.5,5.5,3.5
"Cafes","Whitefield","Yes","Yes",4,2,4.25,1489,750,7,3.5
"Delivery","Church Street","Yes","Yes",7,2,4.25,1269,825,7,3.5
"Delivery","Koramangala 4th Block","No","Yes",7,2,4.25,950.5,1100,7,3
"Buffet","Brookefield","Yes","Yes",4,5,4.24,899.4,950,7,3
"Buffet","Malleshwaram","No","Yes",4,8,4.2375,668.5,1143.75,7,2.375
"Delivery","Indiranagar","Yes","Yes",7,7,4.22857142857143,1718.71428571429,1071.42857142857,7,2.85714285714286
"Buffet","Bellandur","No","Yes",4,4,4.225,395.75,1525,7,3.75
"Buffet","Kalyan Nagar","Yes","Yes",4,5,4.22,570.4,930,7,4
"Buffet","Electronic City","Yes","No",4,1,4.2,882,1100,7,4
"Buffet","Malleshwaram","Yes","Yes",4,4,4.2,665,1175,5.25,3
"Cafes","Banashankari","Yes","Yes",4,2,4.2,157,550,7,3.5
"Cafes","Basavanagudi","No","Yes",4,3,4.2,488.666666666667,800,5.66666666666667,5.66666666666667
"Cafes","Brookefield","No","Yes",4,1,4.2,65,400,5,3
"Cafes","BTM","Yes","Yes",4,7,4.2,990.714285714286,835.714285714286,7,3.57142857142857
"Cafes","Koramangala 4th Block","No","Yes",4,1,4.2,815,800,7,4
"Delivery","Frazer Town","Yes","Yes",7,5,4.2,906.8,1110,7,4.4
"Delivery","Malleshwaram","No","Yes",7,1,4.2,174,1200,7,1
"Desserts","Banashankari","No","No",7,2,4.2,227,275,7,2.5
"Desserts","Basavanagudi","Yes","No",7,1,4.2,228,500,7,2
"Desserts","Bellandur","Yes","No",7,1,4.2,213,400,7,4
"Desserts","Frazer Town","No","No",7,3,4.2,277.333333333333,266.666666666667,7,2
"Desserts","Koramangala 5th Block","Yes","No",7,1,4.2,348,300,7,1
"Dine-out","Bellandur","No","Yes",7,1,4.2,707,1400,7,2
"Dine-out","Brookefield","No","Yes",2,1,4.2,103,1300,7,1
"Dine-out","BTM","No","No",7,2,4.2,733,1300,7,2
"Dine-out","Church Street","No","Yes",7,1,4.2,1428,1300,7,4
"Dine-out","Indiranagar","Yes","No",7,1,4.2,315,500,7,7
"Drinks & nightlife","Brigade Road","No","No",7,1,4.2,2020,1200,7,4
"Desserts","Old Airport Road","Yes","No",3,2,4.2,64,450,1.5,2
"Buffet","Brigade Road","Yes","Yes",4,8,4.1875,762.375,1412.5,6.875,2.25
"Delivery","BTM","No","Yes",7,6,4.18333333333333,755,1025,7,2.66666666666667
"Desserts","BTM","Yes","No",7,4,4.175,305.75,387.5,6.5,2.5
"Delivery","Brigade Road","Yes","Yes",7,31,4.15806451612903,753.161290322581,1127.41935483871,6.80645161290323,3.51612903225806
"Buffet","Bellandur","Yes","No",4,2,4.15,599,850,7,1.5
"Buffet","Indiranagar","No","Yes",4,4,4.15,726.5,1100,7,2
"Delivery","Bellandur","No","Yes",7,2,4.15,852,1250,7,2.5
"Desserts","Jayanagar","No","No",7,2,4.15,223,325,7,1
"Desserts","Malleshwaram","Yes","No",7,2,4.15,144.5,325,5.5,3
"Dine-out","Jayanagar","No","No",7,2,4.15,723.5,1500,7,3
"Dine-out","Koramangala 4th Block","No","Yes",2,4,4.15,253,1150,5.25,3.25
"Buffet","BTM","No","Yes",4,9,4.14444444444444,859.444444444444,1155.55555555556,6.33333333333333,3.22222222222222
"Delivery","Basavanagudi","Yes","Yes",7,14,4.14285714285714,760.285714285714,1000,6.85714285714286,3.28571428571429
"Delivery","Whitefield","Yes","Yes",7,12,4.14166666666667,885,1183.33333333333,6.58333333333333,3.33333333333333
"Cafes","Kalyan Nagar","Yes","Yes",4,5,4.14,448.4,830,7,3.2
"Desserts","Brigade Road","No","No",7,5,4.14,227.8,510,6.2,2.2
"Dine-out","Malleshwaram","No","No",7,5,4.14,798,1300,7,3
"Buffet","Indiranagar","Yes","Yes",4,12,4.125,837.833333333333,1270.83333333333,6.58333333333333,2.75
"Delivery","Bannerghatta Road","No","Yes",7,4,4.125,966.25,975,7,2.75
"Delivery","Kalyan Nagar","Yes","Yes",7,16,4.125,542.25,1025,6.875,3.9375
"Delivery","Malleshwaram","Yes","Yes",7,16,4.10625,563.125,968.75,7,2.75
"Buffet","Banashankari","Yes","Yes",4,1,4.1,775,800,7,3
"Buffet","Bellandur","Yes","Yes",4,7,4.1,993.285714285714,1371.42857142857,6,3
"Buffet","Kalyan Nagar","No","No",4,1,4.1,111,1400,5,1
"Buffet","New BEL Road","No","Yes",4,2,4.1,908.5,1250,7,3
"Cafes","Electronic City","Yes","No",4,1,4.1,351,700,7,5
"Cafes","HSR","Yes","Yes",6,2,4.1,470.5,650,6.5,5
"Cafes","Jayanagar","No","Yes",4,1,4.1,1445,800,7,4
"Delivery","Frazer Town","No","No",7,5,4.1,318.2,730,6.4,2.2
"Delivery","Koramangala 7th Block","Yes","No",7,1,4.1,115,700,7,6
"Delivery","Sarjapur Road","No","No",7,1,4.1,317,600,7,3
"Desserts","Bannerghatta Road","Yes","No",7,1,4.1,41,500,7,2
"Desserts","Brigade Road","Yes","No",7,2,4.1,56,700,5.5,1.5
"Desserts","Brookefield","No","No",7,1,4.1,395,1000,7,3
"Dine-out","Bellandur","No","Yes",2,1,4.1,106,1600,7,3
"Dine-out","Brigade Road","No","Yes",2,7,4.1,199,1257.14285714286,4.42857142857143,2.42857142857143
"Dine-out","Brookefield","Yes","No",7,1,4.1,2143,800,7,1
"Dine-out","Kalyan Nagar","No","Yes",7,2,4.1,1325.5,1150,7,4
"Delivery","BTM","Yes","Yes",7,49,4.09387755102041,754.061224489796,958.163265306122,6.83673469387755,3.14285714285714
"Delivery","Bellandur","Yes","Yes",7,23,4.09130434782609,656.913043478261,997.826086956522,6.8695652173913,3.43478260869565
"Delivery","Koramangala 4th Block","Yes","No",7,8,4.0875,369.625,500,6.125,2.25
"Desserts","BTM","No","No",7,6,4.08333333333333,255.333333333333,375,6.66666666666667,1.83333333333333
"Delivery","Brigade Road","No","No",7,21,4.07619047619048,551.333333333333,595.238095238095,6.28571428571429,2.42857142857143
"Delivery","Jayanagar","No","No",7,4,4.075,585.75,362.5,6.25,2
"Cafes","Church Street","No","No",4,3,4.06666666666667,319.333333333333,966.666666666667,5.66666666666667,2.66666666666667
"Cafes","Indiranagar","Yes","Yes",4,6,4.06666666666667,662.833333333333,825,6,4.83333333333333
"Delivery","Whitefield","No","Yes",7,3,4.06666666666667,983.333333333333,1433.33333333333,6,1.66666666666667
"Dine-out","Indiranagar","No","Yes",7,12,4.06666666666667,1076.66666666667,1400,7,3.33333333333333
"Dine-out","BTM","Yes","No",7,5,4.06,1227,680,7,3.4
"Delivery","Brigade Road","No","Yes",7,7,4.05714285714286,554.428571428571,1035.71428571429,6.28571428571429,3.14285714285714
"Buffet","Malleshwaram","No","No",4,2,4.05,1104,900,5,2.5
"Cafes","MG Road","Yes","No",4,2,4.05,423.5,650,7,5.5
"Delivery","Kammanahalli","Yes","No",7,2,4.05,387,300,7,2
"Delivery","Koramangala 4th Block","No","No",7,11,4.04545454545454,409.090909090909,436.363636363636,6.09090909090909,3.18181818181818
"Delivery","Indiranagar","No","Yes",7,8,4.0375,723.375,1043.75,7,2.25
"Delivery","Banashankari","Yes","Yes",7,19,4.03684210526316,782.368421052632,986.842105263158,6.84210526315789,3.63157894736842
"Buffet","Rajajinagar","No","Yes",4,3,4.03333333333333,672,1200,5.33333333333333,3.66666666666667
"Delivery","Lavelle Road","Yes","No",7,10,4.03,334.6,480,6.8,3.3
"Buffet","Bannerghatta Road","Yes","Yes",4,4,4.025,1151.25,1000,7,4.75
"Delivery","Kalyan Nagar","No","Yes",7,4,4.025,504.5,912.5,6.25,3
"Dine-out","Kalyan Nagar","No","Yes",2,4,4.025,249,1300,6,2.5
"Delivery","Whitefield","No","No",7,6,4.01666666666667,184.333333333333,733.333333333333,6.66666666666667,2.5
"Delivery","Brigade Road","Yes","No",7,122,4.01311475409836,384.344262295082,601.065573770492,6.27049180327869,2.83606557377049
"Delivery","BTM","No","No",7,24,4.0125,401.958333333333,518.75,6.25,2.54166666666667
"Delivery","Brookefield","Yes","Yes",7,28,4.00714285714286,811.75,989.285714285714,7,3.21428571428571
"Delivery","Bannerghatta Road","Yes","Yes",7,27,4.0037037037037,842.222222222222,970.37037037037,6.88888888888889,3.55555555555556
"Buffet","Bannerghatta Road","No","Yes",4,3,4,482.666666666667,900,5,3.33333333333333
"Buffet","Brigade Road","No","Yes",4,9,4,283,1266.66666666667,5.11111111111111,3.44444444444444
"Cafes","Bellandur","Yes","Yes",4,1,4,341,1000,7,4
"Cafes","Brookefield","Yes","Yes",4,4,4,423.5,850,7,4.75
"Cafes","Indiranagar","No","Yes",4,2,4,1002,1225,7,3.5
"Cafes","Lavelle Road","No","No",4,1,4,31,800,1,1
"Cafes","Sarjapur Road","No","No",4,1,4,19,700,1,4
"Delivery","Banashankari","No","Yes",7,1,4,808,850,7,2
"Delivery","Church Street","Yes","No",7,7,4,544,571.428571428571,6.71428571428571,3
"Delivery","Frazer Town","No","Yes",7,1,4,608,1100,7,2
"Delivery","Jayanagar","Yes","No",7,8,4,356.25,550,6.5,1.75
"Delivery","Marathahalli","No","Yes",7,2,4,756,1100,4.5,4
"Delivery","New BEL Road","No","No",7,6,4,411.166666666667,633.333333333333,6,2.83333333333333
"Delivery","Rajajinagar","No","No",7,2,4,554,775,7,3
"Desserts","Bannerghatta Road","No","No",7,1,4,319,500,7,2
"Desserts","Brookefield","Yes","No",7,1,4,544,450,7,1
"Desserts","Indiranagar","Yes","No",7,1,4,48,500,7,2
"Desserts","Jayanagar","Yes","No",1,1,4,129,300,5,1
"Desserts","Marathahalli","Yes","No",7,1,4,55,500,7,2
"Desserts","Whitefield","Yes","No",7,1,4,422,1500,7,3
"Dine-out","BTM","Yes","Yes",2,1,4,792,900,7,1
"Dine-out","BTM","Yes","Yes",7,1,4,1382,1100,7,6
"Dine-out","Indiranagar","Yes","Yes",7,1,4,1413,1500,7,5
"Dine-out","Kalyan Nagar","Yes","Yes",7,1,4,702,800,7,4
"Dine-out","Koramangala 4th Block","Yes","Yes",2,1,4,859,850,7,2
"Dine-out","Koramangala 7th Block","No","Yes",2,1,4,137,1000,1,3
"Dine-out","Malleshwaram","No","Yes",2,3,4,221.666666666667,1333.33333333333,2.33333333333333,2
"Dine-out","Residency Road","Yes","No",2,1,4,67,300,7,4
"Dine-out","Whitefield","No","Yes",2,5,4,202.2,1600,4,2
"Delivery","Banashankari","No","No",7,8,3.9875,468.25,543.75,6.375,3.625
"Cafes","BTM","Yes","No",4,22,3.98181818181818,251.181818181818,654.545454545455,4.18181818181818,2.81818181818182
"Delivery","Frazer Town","Yes","No",7,27,3.98148148148148,471.555555555556,607.407407407407,6.81481481481481,3.11111111111111
"Dine-out","Electronic City","No","Yes",5,5,3.98,252,1380,4.8,3.4
"Delivery","Basavanagudi","Yes","No",7,38,3.97894736842105,277.052631578947,472.368421052632,6.36842105263158,2.63157894736842
"Delivery","New BEL Road","Yes","No",7,14,3.97857142857143,385.428571428571,567.857142857143,6.57142857142857,2.85714285714286
"Buffet","Brigade Road","Yes","No",4,4,3.975,123.5,1375,5.5,2.5
"Pubs and bars","Brigade Road","Yes","No",7,4,3.975,165.5,512.5,6,3
"Delivery","BTM","Yes","No",7,191,3.97015706806283,426.586387434555,525.65445026178,6.30366492146597,2.87958115183246
"Delivery","Malleshwaram","No","No",7,3,3.96666666666667,256.666666666667,533.333333333333,6,1.66666666666667
"Delivery","Marathahalli","Yes","Yes",7,3,3.96666666666667,358.666666666667,900,7,3.66666666666667
"Delivery","Banashankari","Yes","No",7,82,3.95609756097561,391.024390243902,517.682926829268,6.63414634146341,2.98780487804878
"Buffet","Marathahalli","No","Yes",4,6,3.95,809,1333.33333333333,6,3.5
"Delivery","Koramangala 4th Block","Yes","Yes",7,2,3.95,243.5,950,7,2.5
"Desserts","Koramangala 5th Block","No","No",7,2,3.95,245,400,6.5,2
"Desserts","Lavelle Road","Yes","No",2,2,3.95,90,400,4,1.5
"Delivery","Church Street","No","No",7,2,3.95,316,425,7,2.5
"Delivery","Kalyan Nagar","No","No",7,10,3.95,159.8,585,5.8,2.9
"Delivery","Rajajinagar","Yes","No",7,10,3.95,446.7,475,5.4,2.7
"Delivery","Whitefield","Yes","No",7,15,3.94666666666667,406.933333333333,643.333333333333,6.06666666666667,3.4
"Delivery","Malleshwaram","Yes","No",7,81,3.94197530864198,354.259259259259,528.395061728395,6.58024691358025,2.95061728395062
"Delivery","Bannerghatta Road","Yes","No",7,93,3.93978494623656,401.451612903226,519.354838709677,6.75268817204301,2.82795698924731
"Delivery","Bannerghatta Road","No","No",7,8,3.9375,418.125,537.5,6.375,2.375
"Delivery","HSR","No","Yes",6,3,3.93333333333333,643.666666666667,616.666666666667,4.66666666666667,2
"Delivery","Kalyan Nagar","Yes","No",7,60,3.93333333333333,271.55,590,6.63333333333333,2.7
"Delivery","Bellandur","Yes","No",7,84,3.93095238095238,420.595238095238,602.738095238095,6.69047619047619,3.03571428571429
"Delivery","Indiranagar","Yes","No",7,85,3.91764705882353,394.152941176471,476.941176470588,6.58823529411765,2.56470588235294
"Delivery","Basavanagudi","No","No",7,6,3.91666666666667,356,708.333333333333,5.83333333333333,2
"Cafes","Malleshwaram","Yes","No",4,10,3.91,364.6,565,5.6,2.8
"Desserts","BTM","Yes","No",1,10,3.91,68.3,330,2.2,2
"Buffet","Banashankari","Yes","No",4,3,3.9,663.666666666667,733.333333333333,7,2.33333333333333
"Buffet","HSR","Yes","Yes",6,1,3.9,224,800,7,3
"Cafes","Bannerghatta Road","Yes","Yes",4,1,3.9,727,800,7,3
"Cafes","JP Nagar","No","No",4,1,3.9,144,550,7,3
"Cafes","Sarjapur Road","Yes","No",4,1,3.9,66,600,4,3
"Delivery","MG Road","Yes","No",7,1,3.9,87,450,6,3
"Delivery","New BEL Road","No","Yes",7,1,3.9,510,700,7,1
"Delivery","New BEL Road","Yes","Yes",7,4,3.9,153.5,950,4.5,3.75
"Desserts","Basavanagudi","Yes","No",1,3,3.9,55,283.333333333333,1,1.33333333333333
"Desserts","Jayanagar","Yes","No",7,2,3.9,100.5,450,5,3
"Desserts","JP Nagar","Yes","No",1,1,3.9,45,400,2,3
"Desserts","Koramangala 4th Block","Yes","No",1,1,3.9,68,400,1,2
"Desserts","Whitefield","Yes","No",1,3,3.9,31.6666666666667,433.333333333333,1.66666666666667,2.33333333333333
"Dine-out","Kammanahalli","Yes","No",2,2,3.9,187.5,750,6,3.5
"Dine-out","Koramangala 4th Block","No","No",7,2,3.9,1041.5,1350,7,3.5
"Dine-out","Koramangala 7th Block","Yes","No",2,1,3.9,654,450,7,2
"Dine-out","Rajajinagar","No","Yes",2,3,3.9,97.3333333333333,866.666666666667,3.33333333333333,3.66666666666667
"Pubs and bars","Brigade Road","Yes","No",1,6,3.9,49.5,291.666666666667,1.16666666666667,1.5
"Cafes","Brigade Road","Yes","No",4,22,3.89090909090909,303.454545454545,627.272727272727,5.40909090909091,3.45454545454545
"Dine-out","Indiranagar","No","Yes",2,7,3.88571428571429,136,985.714285714286,4.14285714285714,3.57142857142857
"Delivery","Bellandur","No","No",7,6,3.88333333333333,259.666666666667,633.333333333333,7,2.33333333333333
"Cafes","Brigade Road","No","Yes",4,4,3.875,600.75,887.5,6.5,3
"Delivery","Electronic City","No","Yes",5,3,3.86666666666667,590.333333333333,1116.66666666667,5,4
"Delivery","Indiranagar","No","No",7,20,3.865,431.05,502.5,6.7,2.6
"Cafes","HSR","Yes","No",6,8,3.8625,242.25,500,5.5,3.75
"Buffet","Indiranagar","No","No",4,5,3.86,457,1040,4.6,2.8
"Dine-out","Basavanagudi","No","Yes",2,2,3.85,207,775,4.5,4
"Cafes","Jayanagar","No","No",4,2,3.85,398.5,450,4,2
"Delivery","Koramangala 7th Block","Yes","No",1,2,3.85,20.5,275,1,1.5
"Delivery","Sarjapur Road","Yes","No",7,2,3.85,175,750,6.5,3.5
"Dine-out","BTM","No","Yes",2,2,3.85,156.5,1150,5.5,3
"Dine-out","Koramangala 6th Block","Yes","No",2,2,3.85,229.5,450,5.5,2
"Delivery","Brookefield","Yes","No",7,109,3.84862385321101,369.798165137615,557.798165137615,6.53211009174312,2.90825688073395
"Cafes","BTM","No","No",4,15,3.84666666666667,188,470,4.2,2
"Delivery","Marathahalli","No","No",7,3,3.83333333333333,227.333333333333,533.333333333333,7,2.33333333333333
"Desserts","Whitefield","No","No",1,7,3.82857142857143,47.4285714285714,392.857142857143,1.42857142857143,1.71428571428571
"Cafes","Whitefield","No","No",4,5,3.82,395,620,4.2,1.8
"Cafes","Kalyan Nagar","Yes","No",4,17,3.81764705882353,106.470588235294,579.411764705882,3.88235294117647,3.23529411764706
"Desserts","Basavanagudi","No","No",1,7,3.81428571428571,39.7142857142857,228.571428571429,1.14285714285714,1.57142857142857
"Delivery","Marathahalli","Yes","No",7,11,3.80909090909091,508.818181818182,604.545454545455,6.09090909090909,3.27272727272727
"Cafes","Bellandur","Yes","No",4,12,3.80833333333333,181.583333333333,570.833333333333,3.16666666666667,3.58333333333333
"Delivery","Electronic City","Yes","Yes",5,13,3.80769230769231,450.692307692308,757.692307692308,3.46153846153846,2.92307692307692
"Buffet","Basavanagudi","No","Yes",4,2,3.8,98.5,1075,4,2.5
"Buffet","Basavanagudi","Yes","No",4,1,3.8,74,1000,1,4
"Buffet","Basavanagudi","Yes","Yes",4,1,3.8,584,1200,7,3
"Buffet","BTM","No","No",4,3,3.8,203.666666666667,733.333333333333,5,3.33333333333333
"Buffet","Kalyan Nagar","Yes","No",4,1,3.8,311,800,7,3
"Buffet","Lavelle Road","No","No",4,1,3.8,88,750,1,4
"Cafes","Bannerghatta Road","No","Yes",4,2,3.8,119.5,750,4,3
"Delivery","HSR","Yes","Yes",6,3,3.8,318.666666666667,716.666666666667,4.66666666666667,4.66666666666667
"Delivery","JP Nagar","Yes","Yes",7,1,3.8,170,700,6,3
"Delivery","Koramangala 7th Block","Yes","Yes",7,1,3.8,584,1200,7,3
"Dine-out","Banashankari","No","Yes",2,1,3.8,977,1300,5,1
"Dine-out","Marathahalli","Yes","No",7,1,3.8,1819,800,7,4
"Dine-out","Sarjapur Road","Yes","No",2,1,3.8,26,500,1,4
"Cafes","Whitefield","Yes","No",4,7,3.78571428571429,107.714285714286,600,3.71428571428571,2.57142857142857
"Cafes","Indiranagar","No","No",4,26,3.78076923076923,289.807692307692,569.230769230769,4.53846153846154,2.5
"Cafes","Brigade Road","No","No",4,30,3.77,221.466666666667,625,2.86666666666667,2.76666666666667
"Delivery","Bellandur","Yes","Yes",1,3,3.76666666666667,74.6666666666667,533.333333333333,2.66666666666667,2.33333333333333
"Cafes","Indiranagar","Yes","No",4,16,3.75625,352.4375,600,5.75,4
"Cafes","Banashankari","Yes","No",4,12,3.75,184,550,4.91666666666667,3.08333333333333
"Desserts","New BEL Road","No","No",1,6,3.75,57.8333333333333,291.666666666667,1.5,2
"Pubs and bars","Brigade Road","No","No",7,2,3.75,179.5,375,7,3
"Desserts","HSR","Yes","No",6,6,3.73333333333333,112.166666666667,483.333333333333,4.33333333333333,2.16666666666667
"Desserts","Lavelle Road","No","No",2,3,3.73333333333333,24,233.333333333333,1,2
"Pubs and bars","Brigade Road","No","No",1,3,3.73333333333333,29.3333333333333,266.666666666667,1.33333333333333,2.33333333333333
"Cafes","Bellandur","No","No",4,10,3.72,32.8,460,1.8,2.4
"Dine-out","Church Street","Yes","No",2,5,3.72,169.4,530,3.2,2.8
"Cafes","Basavanagudi","No","No",4,13,3.71538461538462,164.461538461538,492.307692307692,3.46153846153846,2.53846153846154
"Cafes","Malleshwaram","No","No",4,14,3.70714285714286,69.3571428571429,485.714285714286,2.35714285714286,1.78571428571429
"Buffet","Banashankari","No","No",4,3,3.7,87.3333333333333,566.666666666667,1.33333333333333,2.66666666666667
"Buffet","Brookefield","No","Yes",4,6,3.7,235.833333333333,1183.33333333333,5.83333333333333,3.16666666666667
"Buffet","BTM","Yes","No",4,2,3.7,212.5,800,4,2.5
"Buffet","HSR","No","No",6,1,3.7,51,1500,1,2
"Buffet","HSR","No","Yes",6,2,3.7,220,1100,4,5.5
"Buffet","Lavelle Road","No","Yes",4,1,3.7,41,700,1,3
"Buffet","Marathahalli","No","No",4,2,3.7,35.5,800,1,2.5
"Buffet","Rajajinagar","No","No",4,1,3.7,55,1400,1,2
"Cafes","Electronic City","No","No",5,6,3.7,55.1666666666667,625,3,2.16666666666667
"Cafes","Koramangala 6th Block","Yes","No",4,1,3.7,18,900,1,2
"Cafes","New BEL Road","Yes","No",4,1,3.7,67,250,5,2
"Delivery","Basavanagudi","No","Yes",7,3,3.7,319,1050,6.33333333333333,2.66666666666667
"Delivery","Basavanagudi","Yes","Yes",1,1,3.7,49,300,1,2
"Delivery","Frazer Town","Yes","Yes",1,1,3.7,59,1500,1,1
"Delivery","Koramangala 5th Block","Yes","No",1,5,3.7,29.2,330,1.4,2
"Delivery","Koramangala 7th Block","No","No",1,1,3.7,34,300,1,2
"Delivery","Marathahalli","No","Yes",1,1,3.7,88,800,1,8
"Delivery","New BEL Road","No","Yes",1,1,3.7,511,600,4,1
"Delivery","Whitefield","Yes","Yes",1,2,3.7,60,375,2,3.5
"Desserts","Church Street","Yes","No",1,2,3.7,54.5,200,3,2
"Drinks & nightlife","Rajajinagar","Yes","No",7,1,3.7,174,800,7,3
"Dine-out","New BEL Road","Yes","No",2,10,3.69,73.5,325,1.9,1.7
"Dine-out","BTM","Yes","No",2,27,3.68888888888889,244,455.555555555556,3.40740740740741,2.62962962962963
"Cafes","Kalyan Nagar","No","No",4,16,3.6875,129,540.625,2.875,2.4375
"Delivery","Brookefield","No","No",7,8,3.6875,399.25,575,6.875,2.75
"Desserts","HSR","No","No",6,13,3.68461538461538,133.769230769231,288.461538461538,3.07692307692308,1.76923076923077
"Delivery","BTM","Yes","Yes",1,5,3.68,125.4,650,1.4,3.4
"Cafes","Bannerghatta Road","No","No",4,14,3.67857142857143,80.5714285714286,589.285714285714,2.71428571428571,2.64285714285714
"Dine-out","MG Road","No","No",2,4,3.675,97.5,487.5,3.25,3
"Desserts","Frazer Town","No","No",1,7,3.67142857142857,38.1428571428571,264.285714285714,1.14285714285714,1.57142857142857
"Cafes","Frazer Town","Yes","No",4,3,3.66666666666667,100.333333333333,583.333333333333,3,1.66666666666667
"Dine-out","Malleshwaram","Yes","No",2,20,3.665,131.6,380,3.2,2.35
"Delivery","Lavelle Road","Yes","No",1,13,3.66153846153846,67.3846153846154,423.076923076923,1.76923076923077,2.23076923076923
"Dine-out","Rajajinagar","Yes","No",2,7,3.65714285714286,204.285714285714,592.857142857143,2.14285714285714,2.28571428571429
"Cafes","Koramangala 4th Block","No","No",4,13,3.65384615384615,195.461538461538,530.769230769231,4.46153846153846,2.38461538461538
"Cafes","Lavelle Road","Yes","No",4,2,3.65,48,350,2,2
"Desserts","Rajajinagar","No","No",1,9,3.62222222222222,42.6666666666667,277.777777777778,1.11111111111111,2.11111111111111
"Desserts","Brigade Road","Yes","No",1,10,3.62,45.3,350,1.5,2
"Dine-out","HSR","Yes","No",6,11,3.61818181818182,222,495.454545454545,3.36363636363636,2.45454545454545
"Cafes","Frazer Town","No","No",4,6,3.61666666666667,55.1666666666667,658.333333333333,3.83333333333333,2.33333333333333
"Dine-out","Church Street","No","No",2,6,3.61666666666667,23.3333333333333,183.333333333333,1,1.16666666666667
"Dine-out","Banashankari","No","No",2,64,3.615625,86.8125,329.6875,2.765625,1.875
"Dine-out","Banashankari","Yes","No",2,7,3.61428571428571,195.428571428571,457.142857142857,4,1.71428571428571
"Dine-out","Jayanagar","No","No",2,21,3.61428571428571,46.5714285714286,373.809523809524,2.85714285714286,2
"Cafes","HSR","No","No",6,10,3.61,211.7,615,3.8,2.9
"Cafes","Banashankari","No","No",4,8,3.6,95.25,518.75,2.625,2.375
"Cafes","Old Airport Road","No","No",3,1,3.6,18,300,1,1
"Delivery","Bellandur","No","Yes",1,1,3.6,32,650,1,1
"Delivery","New BEL Road","Yes","Yes",1,3,3.6,76,1183.33333333333,1,2.66666666666667
"Desserts","Banashankari","No","No",1,10,3.6,29.5,240,1,2.1
"Desserts","Bellandur","Yes","No",1,3,3.6,38.6666666666667,433.333333333333,1.33333333333333,2.33333333333333
"Desserts","Church Street","No","No",1,5,3.6,32.2,320,1.2,2
"Desserts","Frazer Town","Yes","No",1,3,3.6,23.3333333333333,283.333333333333,1,1.66666666666667
"Desserts","Sarjapur Road","Yes","No",1,4,3.6,66,412.5,2,2
"Dine-out","Electronic City","Yes","Yes",5,1,3.6,778,850,7,2
"Dine-out","Koramangala 4th Block","Yes","No",2,10,3.6,242.6,430,4.6,2.4
"Dine-out","Koramangala 5th Block","Yes","No",2,2,3.6,64,525,2,1.5
"Buffet","Malleshwaram","Yes","No",4,2,3.6,295,750,4,2
"Desserts","Malleshwaram","No","No",1,20,3.595,30.35,242.5,1.45,1.6
"Dine-out","Malleshwaram","No","No",2,69,3.58840579710145,117.565217391304,436.231884057971,2.57971014492754,2.01449275362319
"Cafes","Bannerghatta Road","Yes","No",4,16,3.5875,74.0625,531.25,2.9375,3.5625
"Desserts","Malleshwaram","Yes","No",1,7,3.58571428571429,51.2857142857143,335.714285714286,1.57142857142857,2.14285714285714
"Dine-out","Old Airport Road","No","No",3,5,3.58,56.8,460,2.2,2.4
"Delivery","Lavelle Road","No","No",1,9,3.57777777777778,43.6666666666667,544.444444444444,1.55555555555556,2.33333333333333
"Dine-out","Brigade Road","Yes","No",2,13,3.57692307692308,138.384615384615,515.384615384615,4.07692307692308,2.61538461538462
"Desserts","Brigade Road","No","No",1,22,3.57272727272727,28.1818181818182,320.454545454545,1.31818181818182,1.68181818181818
"Desserts","Brookefield","Yes","No",1,7,3.57142857142857,36.2857142857143,335.714285714286,1.57142857142857,2
"Dine-out","JP Nagar","Yes","No",2,9,3.56666666666667,159.666666666667,577.777777777778,4,2.22222222222222
"Delivery","Basavanagudi","Yes","No",1,98,3.56632653061224,59.4387755102041,337.244897959184,1.64285714285714,2.14285714285714
"Delivery","Rajajinagar","Yes","No",1,64,3.565625,68.65625,379.6875,1.34375,2.375
"Cafes","Brookefield","Yes","No",4,11,3.56363636363636,150.727272727273,536.363636363636,3.81818181818182,3
"Buffet","Electronic City","Yes","Yes",5,2,3.55,422,850,7,4
"Delivery","Brookefield","Yes","Yes",1,2,3.55,130,550,3.5,1.5
"Desserts","Kammanahalli","Yes","No",1,2,3.55,45,350,1,2
"Dine-out","Electronic City","Yes","No",5,16,3.54375,242.1875,487.5,2.8125,2.1875
"Desserts","BTM","No","No",1,19,3.54210526315789,23.1052631578947,289.473684210526,1.10526315789474,2.10526315789474
"Delivery","Banashankari","Yes","No",1,220,3.53636363636364,66.1318181818182,324.995454545455,1.60909090909091,2.28636363636364
"Delivery","Church Street","No","No",1,15,3.53333333333333,52.5333333333333,373.333333333333,1.86666666666667,2
"Delivery","Kalyan Nagar","Yes","Yes",1,6,3.53333333333333,75,816.666666666667,1.83333333333333,3
"Delivery","Koramangala 6th Block","No","No",1,3,3.53333333333333,41.3333333333333,316.666666666667,1,2.33333333333333
"Desserts","Bannerghatta Road","Yes","No",1,3,3.53333333333333,82.3333333333333,400,2,2.66666666666667
"Desserts","Old Airport Road","No","No",3,3,3.53333333333333,53.6666666666667,633.333333333333,1.33333333333333,2.33333333333333
"Desserts","Sarjapur Road","No","No",1,3,3.53333333333333,21.3333333333333,266.666666666667,1.33333333333333,1
"Delivery","Malleshwaram","Yes","No",1,233,3.53047210300429,72.6695278969957,376.480686695279,1.57510729613734,2.27896995708155
"Dine-out","Basavanagudi","Yes","No",2,10,3.53,142.2,415,1.6,2.1
"Desserts","Indiranagar","No","No",1,17,3.52941176470588,31.8823529411765,291.176470588235,1.47058823529412,1.94117647058824
"Delivery","BTM","Yes","No",1,401,3.52892768079801,54.7905236907731,379.052369077307,1.44887780548628,2.24688279301746
"Dine-out","Lavelle Road","No","No",2,40,3.5275,52.6,511.25,2.05,2.25
"Delivery","Jayanagar","Yes","No",1,17,3.52352941176471,66.1176470588235,382.352941176471,1.76470588235294,2.47058823529412
"Dine-out","Indiranagar","No","No",2,62,3.51774193548387,62.6935483870968,412.096774193548,1.98387096774194,2
"Delivery","Frazer Town","Yes","No",1,86,3.51744186046512,59.2790697674419,387.790697674419,1.67441860465116,2.23255813953488
"Delivery","Koramangala 4th Block","Yes","No",1,25,3.516,76.28,393.6,1.96,2.36
"Dine-out","Brookefield","Yes","No",2,22,3.51363636363636,253.909090909091,452.272727272727,4.40909090909091,2.77272727272727
"Delivery","New BEL Road","Yes","No",1,83,3.51204819277108,62.421686746988,378.313253012048,1.66265060240964,2.19277108433735
"Delivery","HSR","Yes","No",6,127,3.51023622047244,127.173228346457,433.858267716535,2.26771653543307,2.45669291338583
"Dine-out","Jayanagar","Yes","No",2,13,3.50769230769231,275.769230769231,488.461538461538,4.38461538461539,2.38461538461538
"Dine-out","New BEL Road","No","No",2,20,3.505,67.9,430,1.9,1.9
"Dine-out","Basavanagudi","No","No",2,44,3.50227272727273,65.5681818181818,312.5,2.34090909090909,1.81818181818182
"Buffet","Jayanagar","No","No",4,1,3.5,44,1000,1,2
"Cafes","JP Nagar","Yes","No",4,1,3.5,27,650,1,1
"Cafes","Koramangala 4th Block","Yes","No",4,4,3.5,121,537.5,4,2.5
"Cafes","Rajajinagar","No","No",4,2,3.5,135,450,4,3.5
"Delivery","Malleshwaram","Yes","Yes",1,1,3.5,107,1200,1,4
"Delivery","Residency Road","Yes","No",1,4,3.5,19.5,525,1.75,2
"Desserts","Rajajinagar","Yes","No",1,1,3.5,14,400,1,1
"Dine-out","Kammanahalli","No","No",2,1,3.5,32,200,1,1
"Dine-out","Marathahalli","Yes","No",2,7,3.5,174.857142857143,542.857142857143,3.14285714285714,2
"Dine-out","Whitefield","Yes","No",2,17,3.5,146.882352941176,500,4.17647058823529,2.64705882352941
"Delivery","Electronic City","Yes","No",5,203,3.49950738916256,144.137931034483,420.443349753695,2.2807881773399,2.6551724137931
"Delivery","Sarjapur Road","Yes","No",1,22,3.49545454545455,45.8636363636364,429.545454545455,1.72727272727273,2.13636363636364
"Dine-out","Brookefield","No","No",2,33,3.49393939393939,50.9393939393939,462.121212121212,2.18181818181818,2.03030303030303
"Dine-out","Brigade Road","No","No",2,96,3.49375,92.4375,505.729166666667,2.61458333333333,2.17708333333333
"Cafes","Brookefield","No","No",4,12,3.49166666666667,94.1666666666667,516.666666666667,2.41666666666667,2.08333333333333
"Dine-out","Frazer Town","No","No",2,20,3.49,23.65,427.5,1.2,2.05
"Delivery","Bannerghatta Road","Yes","No",1,406,3.48349753694581,61.4187192118227,375.394088669951,1.5320197044335,2.23891625615764
"Delivery","Basavanagudi","No","No",1,33,3.48181818181818,25,351.515151515152,1.15151515151515,2.03030303030303
"Delivery","Old Airport Road","Yes","No",3,15,3.47333333333333,132,503.333333333333,2.86666666666667,2.06666666666667
"Desserts","Marathahalli","No","No",1,7,3.47142857142857,69.8571428571429,300,2.57142857142857,2.28571428571429
"Dine-out","Koramangala 7th Block","No","No",2,7,3.47142857142857,64.8571428571429,350,2.28571428571429,1.85714285714286
"Delivery","Banashankari","No","No",1,44,3.47045454545455,42.3409090909091,364.772727272727,1.47727272727273,1.77272727272727
"Delivery","Koramangala 4th Block","No","No",1,53,3.46981132075472,44.8301886792453,388.679245283019,1.67924528301887,2.16981132075472
"Dine-out","HSR","No","No",6,23,3.4695652173913,66.9130434782609,302.173913043478,2.08695652173913,1.73913043478261
"Delivery","Whitefield","Yes","No",1,84,3.46785714285714,55.6428571428571,405.952380952381,1.54761904761905,2.39285714285714
"Delivery","Brigade Road","No","No",1,55,3.46727272727273,26.1454545454545,359.090909090909,1.34545454545455,2.03636363636364
"Delivery","Indiranagar","Yes","No",1,146,3.46712328767123,55.7671232876712,362.328767123288,1.49315068493151,2.07534246575342
"Delivery","Kammanahalli","No","No",1,6,3.46666666666667,15.6666666666667,233.333333333333,1,1.66666666666667
"Delivery","Church Street","Yes","No",1,22,3.46363636363636,61.6818181818182,386.363636363636,2.54545454545455,2.63636363636364
"Desserts","Kalyan Nagar","No","No",1,13,3.46153846153846,23.7692307692308,353.846153846154,1.07692307692308,1.92307692307692
"Buffet","Brookefield","No","No",4,10,3.46,49.9,1080,1.8,3.3
"Cafes","Marathahalli","No","No",4,5,3.46,44.6,450,1.2,3
"Delivery","HSR","No","No",6,84,3.45952380952381,95.4761904761905,388.095238095238,2.23809523809524,2.0952380952381
"Dine-out","Kalyan Nagar","No","No",2,43,3.45813953488372,45.4883720930233,395.348837209302,2,2
"Delivery","Koramangala 6th Block","Yes","No",1,7,3.45714285714286,81.4285714285714,492.857142857143,2,2.14285714285714
"Delivery","Brigade Road","Yes","No",1,212,3.45566037735849,48.9622641509434,392.405660377359,1.50471698113208,2.10849056603774
"Desserts","Brookefield","No","No",1,9,3.45555555555556,16.6666666666667,283.333333333333,1.33333333333333,1.77777777777778
"Delivery","Bellandur","Yes","No",1,292,3.45479452054795,64.6849315068493,400.856164383562,1.82191780821918,2.25684931506849
"Dine-out","BTM","No","No",2,99,3.45252525252525,46.1818181818182,392.626262626263,1.85858585858586,2
"Delivery","Kalyan Nagar","Yes","No",1,223,3.45067264573991,68.3452914798206,421.748878923767,1.7219730941704,2.26008968609865
"Delivery","Indiranagar","Yes","Yes",1,2,3.45,150,600,1.5,3
"Desserts","Banashankari","Yes","No",1,4,3.45,65.75,337.5,1.5,2.5
"Desserts","Bannerghatta Road","No","No",1,20,3.45,30.6,295,1.3,1.9
"Desserts","Bellandur","No","No",1,10,3.45,18.6,370,1.3,2
"Desserts","Kalyan Nagar","Yes","No",1,2,3.45,64,350,1,1.5
"Dine-out","Bannerghatta Road","Yes","No",2,16,3.4375,129.375,406.25,2.5625,2.1875
"Delivery","Frazer Town","No","No",1,30,3.43666666666667,34.9333333333333,421.666666666667,1.36666666666667,1.93333333333333
"Delivery","Brookefield","Yes","No",1,356,3.43511235955056,65.6432584269663,406.179775280899,1.51966292134831,2.19943820224719
"Delivery","Marathahalli","Yes","No",1,74,3.43378378378378,62.8918918918919,395.945945945946,1.75675675675676,2.33783783783784
"Dine-out","Kalyan Nagar","Yes","No",2,9,3.43333333333333,289.555555555556,500,4.22222222222222,2.55555555555556
"Delivery","Sarjapur Road","No","No",1,26,3.43076923076923,25.0769230769231,465.384615384615,1.23076923076923,2.46153846153846
"Dine-out","JP Nagar","No","No",2,10,3.43,16.3,260,1,1.8
"Delivery","Kalyan Nagar","No","No",1,76,3.42894736842105,33.0263157894737,407.236842105263,1.36842105263158,2.14473684210526
"Delivery","Brigade Road","Yes","Yes",1,5,3.42,138.6,570,2.8,2.6
"Dine-out","Marathahalli","No","No",2,35,3.41714285714286,65.2,444.285714285714,1.8,2.34285714285714
"Dine-out","Rajajinagar","No","No",2,44,3.40681818181818,42.25,389.318181818182,1.52272727272727,2.11363636363636
"Delivery","Marathahalli","No","No",1,63,3.4015873015873,31.2063492063492,439.68253968254,1.26984126984127,2.01587301587302
"Cafes","New BEL Road","No","No",4,4,3.4,137,562.5,2.5,3.25
"Desserts","Koramangala 4th Block","No","No",1,5,3.4,7.8,300,1,1.8
"Desserts","Koramangala 6th Block","Yes","No",1,1,3.4,10,300,1,2
"Dine-out","Koramangala 5th Block","No","No",2,1,3.4,4,300,1,2
"Delivery","BTM","No","No",1,138,3.39927536231884,26.3260869565217,356.521739130435,1.22463768115942,2.10869565217391
"Delivery","Old Airport Road","No","No",3,10,3.39,55.5,330,2.1,2.1
"Delivery","Whitefield","No","No",1,66,3.38939393939394,27.6969696969697,428.787878787879,1.46969696969697,2.3030303030303
"Dine-out","Electronic City","No","No",5,55,3.38909090909091,24.5454545454545,542.727272727273,1.4,2.23636363636364
"Desserts","Electronic City","No","No",5,8,3.3875,26.5,368.75,1.75,2.375
"Dine-out","Koramangala 4th Block","No","No",2,31,3.38709677419355,71.5161290322581,482.258064516129,2.29032258064516,2.16129032258065
"Delivery","Kammanahalli","Yes","No",1,14,3.38571428571429,61.9285714285714,385.714285714286,1.57142857142857,2
"Delivery","New BEL Road","No","No",1,57,3.38245614035088,30.5087719298246,364.912280701754,1.40350877192982,2.10526315789474
"Cafes","Electronic City","Yes","No",5,10,3.38,80.8,515,3.7,3
"Desserts","Marathahalli","Yes","No",1,5,3.38,23.2,440,1,1.6
"Delivery","JP Nagar","Yes","No",1,13,3.37692307692308,56.3846153846154,434.615384615385,1.38461538461538,2.07692307692308
"Cafes","Basavanagudi","Yes","No",4,4,3.375,234.5,625,2.75,3
"Delivery","Rajajinagar","No","No",1,31,3.36774193548387,32.8709677419355,370.967741935484,1.38709677419355,1.93548387096774
"Delivery","Malleshwaram","No","No",1,48,3.36666666666667,34.7708333333333,448.958333333333,1.45833333333333,2.33333333333333
"Buffet","Brigade Road","No","No",4,17,3.36470588235294,160.352941176471,911.764705882353,3.29411764705882,2.88235294117647
"Buffet","Bellandur","No","No",4,7,3.35714285714286,443.714285714286,900,5.42857142857143,3.28571428571429
"Delivery","Indiranagar","No","No",1,82,3.35365853658537,36.7317073170732,393.780487804878,1.47560975609756,1.95121951219512
"Dine-out","Bellandur","No","No",2,34,3.35294117647059,72,383.823529411765,2.14705882352941,1.73529411764706
"Buffet","Bannerghatta Road","No","No",4,4,3.35,148,987.5,4,3.25
"Delivery","Bannerghatta Road","No","Yes",1,2,3.35,29.5,1000,1,2.5
"Delivery","JP Nagar","No","No",1,12,3.35,27.25,320.833333333333,1.16666666666667,1.91666666666667
"Delivery","Bannerghatta Road","Yes","Yes",1,2,3.35,81,600,3.5,3.5
"Dine-out","Whitefield","No","No",2,57,3.34736842105263,52.2280701754386,441.228070175439,1.80701754385965,1.92982456140351
"Dine-out","Bannerghatta Road","No","No",2,49,3.34081632653061,64.7755102040816,442.857142857143,2.26530612244898,2.12244897959184
"Buffet","Electronic City","No","No",5,5,3.34,47.6,1140,2.4,3.2
"Delivery","Electronic City","No","No",5,109,3.33669724770642,25.7614678899083,425.229357798165,1.22018348623853,2.21100917431193
"Delivery","Koramangala 5th Block","No","No",1,3,3.33333333333333,7.66666666666667,300,1,2
"Dine-out","Indiranagar","Yes","No",2,12,3.325,206.833333333333,491.666666666667,4.25,2.25
"Delivery","Bellandur","No","No",1,58,3.31896551724138,37.7758620689655,395.344827586207,1.44827586206897,2.03448275862069
"Delivery","Jayanagar","No","No",1,21,3.31428571428571,29.1428571428571,371.428571428571,1.33333333333333,2
"Delivery","Bannerghatta Road","No","No",1,102,3.31176470588235,36.343137254902,406.862745098039,1.46078431372549,2.13725490196078
"Dine-out","Bellandur","Yes","No",2,12,3.30833333333333,112.916666666667,558.333333333333,2.83333333333333,2.66666666666667
"Delivery","Brookefield","No","No",1,83,3.30481927710843,33.855421686747,436.746987951807,1.46987951807229,2.07228915662651
"Buffet","Electronic City","No","Yes",5,3,3.3,123,1183.33333333333,4.33333333333333,4.66666666666667
"Buffet","Church Street","No","No",4,1,3.3,13,600,1,3
"Desserts","Koramangala 7th Block","Yes","No",2,2,3.3,7.5,250,1,2.5
"Desserts","New BEL Road","Yes","No",1,2,3.3,108,400,1.5,1.5
"Dine-out","Koramangala 6th Block","No","No",2,2,3.3,4.5,800,1,2.5
"Dine-out","Sarjapur Road","No","No",2,7,3.27142857142857,22.1428571428571,400,1.14285714285714,1.85714285714286
"Dine-out","Old Airport Road","Yes","No",3,6,3.26666666666667,164.5,500,2.33333333333333,2
"Delivery","Banashankari","Yes","Yes",1,2,3.25,58,575,1,5
"Desserts","Koramangala 7th Block","No","No",2,2,3.25,9.5,175,1,1.5
"Desserts","Jayanagar","No","No",1,6,3.23333333333333,10.8333333333333,333.333333333333,1,2
"Cafes","Koramangala 7th Block","Yes","No",4,1,3.2,73,650,5,1
"Desserts","Indiranagar","Yes","No",1,2,3.2,98.5,525,4,2.5
"Desserts","Residency Road","No","No",1,1,3.2,6,200,1,3
"Dine-out","MG Road","Yes","No",2,2,3.2,97,725,3,2.5
"Pubs and bars","Indiranagar","No","No",1,1,3.2,8,1000,1,1
"Dine-out","Lavelle Road","Yes","No",2,3,3.2,23.6666666666667,316.666666666667,1,3
"Delivery","MG Road","Yes","No",1,2,3.15,32,475,2,2.5
"Buffet","Bannerghatta Road","Yes","No",4,2,3.15,278.5,575,4.5,3.5
"Desserts","JP Nagar","No","No",1,2,3.15,40.5,300,2,2
"Buffet","Brookefield","Yes","No",4,2,3.1,76,1000,3,2.5
"Delivery","Brookefield","No","Yes",1,1,3.1,19,400,1,3
"Delivery","Rajajinagar","Yes","Yes",7,1,3.1,405,800,7,3
"Dine-out","Frazer Town","Yes","No",2,6,3.1,110.666666666667,483.333333333333,2.66666666666667,3
"Cafes","MG Road","No","No",4,1,3,10,900,1,2
"Cafes","Rajajinagar","Yes","No",4,1,3,20,900,1,2
"Cafes","Residency Road","No","No",4,1,3,6,900,1,2
"Desserts","Koramangala 6th Block","No","No",1,1,3,66,250,2,2
"Dine-out","Residency Road","No","No",2,1,3,12,900,1,2
"Desserts","Electronic City","Yes","No",5,2,2.9,36.5,450,1,2.5
"Buffet","Indiranagar","Yes","No",4,1,2.9,319,1000,7,6
"Cafes","Jayanagar","Yes","No",4,1,2.9,33,650,1,1
"Cafes","Koramangala 5th Block","Yes","No",4,1,2.9,70,650,1,1
"Delivery","Whitefield","No","Yes",1,1,2.9,268,600,4,1
"Dine-out","Bannerghatta Road","No","Yes",2,1,2.9,200,1000,7,3
"Buffet","Electronic City","Yes","No",5,1,2.8,48,1000,1,7
"Delivery","Brookefield","No","Yes",7,1,2.7,442,900,7,1
"Delivery","MG Road","No","No",1,1,2.5,301,250,7,4
"Drinks & nightlife","Whitefield","No","No",2,1,2.5,81,800,2,4
